{
  "project": "ClauseAI Multi-Agent Analysis",
  "timestamp": "2026-01-16T00:20:11.553383",
  "pipelines": {
    "legal": {
      "legal_analysis": "## Legal Analysis of Master Services Agreement Clauses\n\n**Disclaimer:** This analysis is based solely on the provided clauses and lacks the full context of a complete Master Services Agreement. A comprehensive legal review requires examining the entire document. \n\n**1. Liability & Indemnification:**\n\n* **Indemnification Obligations and Scope:** The clauses do not explicitly state indemnification obligations.  It's crucial to identify which party is responsible for indemnifying the other against losses arising from:\n    * Breach of contract\n    * Negligence\n    * Intellectual property infringement\n    * Third-party claims\n\n* **Liability Limitations and Caps:** There are no clauses mentioning liability limitations or caps. This leaves parties potentially exposed to unlimited liability. \n\n* **Hold Harmless Provisions:**  No explicit hold harmless provisions are present. These clauses protect a party from liability for certain events, even if they contributed to the loss.\n* **Defense Obligations and Costs:** The clauses do not address who bears the cost of defending against claims. This is crucial as legal defense can be expensive.\n\n* **Exclusions and Carve-Outs:**  The clauses lack specific exclusions or carve-outs from indemnification obligations. \n\n**2. Warranties & Representations:**\n\n* **Types, Disclaimers, Remedies:** The provided clauses do not contain any explicit warranties or representations about the services, products, or performance. Without clear warranties, parties are exposed to potential risks.\n\n**3. Dispute Resolution:**\n\n*  The clauses do not mention any dispute resolution mechanisms like arbitration, litigation, or mediation. This leaves the process undefined and potentially costly and time-consuming.\n\n**4. Termination Rights:**\n\n* **Conditions, Notice, Breach:** \n    * Clause 2 mentions termination notice specifying default events.\n    * However, it lacks details on specific breach conditions triggering termination.\n    * The clause doesn't specify the consequences of termination (e.g., payment obligations).\n\n**5. Governing Law & Jurisdiction:**\n\n*  The clauses do not mention governing law or jurisdiction. This is crucial as different jurisdictions have varying legal interpretations and enforcements.\n\n**6. Legal Risk Assessment:** **HIGH**\n\nThe lack of clear provisions on liability, indemnification, warranties, dispute resolution, termination, and governing law creates significant legal risk for both parties.  \n\n\n**7. Unfavorable or One-Sided Terms:**\n\n* The absence of specific clauses defining responsibilities and liabilities leaves the agreement open to interpretation and potential disputes.\n* Without clear limitations on liability, one party could be exposed to unlimited financial risk.\n* The lack of a dispute resolution mechanism increases the likelihood of costly litigation.\n\n**8. Missing Standard Legal Protections:**\n\n* **Indemnification Clauses:**  Clearly define indemnification obligations, scope, exclusions, and limitations.\n* **Warranties & Representations:** Include express warranties regarding services, products, or performance, with disclaimers and remedies for breach.\n* **Dispute Resolution Clause:** Specify a preferred method (e.g., arbitration, mediation) to resolve disputes efficiently and cost-effectively.\n* **Termination Clause:** Define specific breach conditions triggering termination, consequences of termination, and notice requirements.\n* **Governing Law & Jurisdiction Clause:**  Select an appropriate jurisdiction and governing law for the agreement.\n\n**9. Key Recommendations:**\n\n\n* **Negotiate Comprehensive Clauses:** Include detailed provisions addressing liability, indemnification, warranties, dispute resolution, termination, and governing law.\n* **Seek Legal Counsel:** Consult with an experienced attorney to review and negotiate the Master Services Agreement to ensure it adequately protects your interests.\n* **Prioritize Clarity and Specificity:** Avoid ambiguity in contractual language. Clearly define terms, responsibilities, and consequences.\n\n\nRemember, this analysis is preliminary and should not be considered legal advice.  Always consult with a qualified attorney for specific legal guidance.",
      "extracted_clauses": [
        "## Legal Analysis of Master Services Agreement Clauses",
        "**Disclaimer:** This analysis is based solely on the provided clauses and lacks the full context of a complete Master Services Agreement. A comprehensive legal review requires examining the entire document.",
        "**1. Liability & Indemnification:**",
        "* **Indemnification Obligations and Scope:** The clauses do not explicitly state indemnification obligations.  It's crucial to identify which party is responsible for indemnifying the other against losses arising from:",
        "* Breach of contract",
        "* **Liability Limitations and Caps:** There are no clauses mentioning liability limitations or caps. This leaves parties potentially exposed to unlimited liability.",
        "* **Hold Harmless Provisions:**  No explicit hold harmless provisions are present. These clauses protect a party from liability for certain events, even if they contributed to the loss.",
        "* **Defense Obligations and Costs:** The clauses do not address who bears the cost of defending against claims. This is crucial as legal defense can be expensive.",
        "* **Exclusions and Carve-Outs:**  The clauses lack specific exclusions or carve-outs from indemnification obligations.",
        "**3. Dispute Resolution:**",
        "*  The clauses do not mention any dispute resolution mechanisms like arbitration, litigation, or mediation. This leaves the process undefined and potentially costly and time-consuming.",
        "**4. Termination Rights:**",
        "* **Conditions, Notice, Breach:**",
        "* Clause 2 mentions termination notice specifying default events.",
        "* However, it lacks details on specific breach conditions triggering termination.",
        "* The clause doesn't specify the consequences of termination (e.g., payment obligations).",
        "**5. Governing Law & Jurisdiction:**",
        "*  The clauses do not mention governing law or jurisdiction. This is crucial as different jurisdictions have varying legal interpretations and enforcements.",
        "**6. Legal Risk Assessment:** **HIGH**",
        "The lack of clear provisions on liability, indemnification, warranties, dispute resolution, termination, and governing law creates significant legal risk for both parties.",
        "* The absence of specific clauses defining responsibilities and liabilities leaves the agreement open to interpretation and potential disputes.",
        "* Without clear limitations on liability, one party could be exposed to unlimited financial risk.",
        "* The lack of a dispute resolution mechanism increases the likelihood of costly litigation.",
        "**8. Missing Standard Legal Protections:**",
        "* **Indemnification Clauses:**  Clearly define indemnification obligations, scope, exclusions, and limitations.",
        "* **Warranties & Representations:** Include express warranties regarding services, products, or performance, with disclaimers and remedies for breach.",
        "* **Dispute Resolution Clause:** Specify a preferred method (e.g., arbitration, mediation) to resolve disputes efficiently and cost-effectively.",
        "* **Termination Clause:** Define specific breach conditions triggering termination, consequences of termination, and notice requirements.",
        "* **Governing Law & Jurisdiction Clause:**  Select an appropriate jurisdiction and governing law for the agreement.",
        "* **Negotiate Comprehensive Clauses:** Include detailed provisions addressing liability, indemnification, warranties, dispute resolution, termination, and governing law.",
        "* **Seek Legal Counsel:** Consult with an experienced attorney to review and negotiate the Master Services Agreement to ensure it adequately protects your interests.",
        "Remember, this analysis is preliminary and should not be considered legal advice.  Always consult with a qualified attorney for specific legal guidance."
      ],
      "risk_level": "high",
      "confidence": 0.85
    },
    "compliance": {
      "compliance_analysis": "## GDPR Compliance Analysis of Contract Clauses\n\nBased on the provided clauses, here's a preliminary analysis of their GDPR compliance:\n\n**Clause 1: Confidentiality**\n\n* **Compliance Status:** Partially Compliant\n* **Risk Level:** Medium\n* **Specific Issues Found:** While the clause addresses confidentiality, it lacks specific mention of data protection obligations under GDPR. It doesn't explicitly state that the receiving party will process personal data only in accordance with GDPR principles and requirements.\n* **Regulatory Concerns:**  GDPR Article 5 (principles of processing) mandates lawful, fair, transparent, and purpose-limited processing of personal data.\n* **Security & Privacy Gaps:** The clause doesn't address data security measures or breach notification procedures required under GDPR Article 32 and 33 respectively.\n* **Recommended Actions:**\n\n    * Amend the clause to explicitly state that the receiving party will process personal data in compliance with GDPR principles and requirements.\n    * Include provisions for implementing appropriate technical and organizational security measures to protect personal data (Article 32).\n    *  Add a clear breach notification procedure outlining steps to be taken in case of a data breach (Article 33).\n\n**Clause 2-4: Finance Clauses**\n\n* **Compliance Status:** Not Directly Relevant\n* **Risk Level:** Low\n* **Specific Issues Found:** These clauses primarily deal with financial aspects and don't directly impact GDPR compliance. However, they could indirectly contribute to risks if they involve processing personal data for invoicing or payment purposes. \n* **Regulatory Concerns:** N/A (unless personal data is involved in the financial transactions)\n* **Security & Privacy Gaps:** N/A (unless personal data is involved in the financial transactions)\n* **Recommended Actions:**\n\n    * Review these clauses to ensure they don't inadvertently involve processing personal data. If they do, incorporate GDPR-compliant provisions as outlined above for Clause 1.\n\n\n**Clause 5: Intellectual Property**\n\n* **Compliance Status:** Not Directly Relevant\n* **Risk Level:** Low\n* **Specific Issues Found:** This clause focuses on intellectual property rights and doesn't directly address GDPR compliance.\n* **Regulatory Concerns:** N/A\n* **Security & Privacy Gaps:** N/A\n\n\n**Overall Assessment:**\n\nThe provided clauses exhibit a lack of explicit focus on GDPR compliance. While Clause 1 touches upon confidentiality, it needs significant revisions to ensure full adherence to GDPR requirements regarding data protection, processing principles, security measures, and breach notification.  \n\n\n\n**Disclaimer:** This analysis is based solely on the limited information provided in the contract clauses. A comprehensive GDPR compliance assessment requires a thorough review of the entire agreement and understanding of the specific context and operations involved. Consulting with a qualified legal professional specializing in GDPR is highly recommended for ensuring full compliance.",
      "extracted_clauses": [
        "## GDPR Compliance Analysis of Contract Clauses",
        "Based on the provided clauses, here's a preliminary analysis of their GDPR compliance:",
        "**Clause 1: Confidentiality**",
        "* **Compliance Status:** Partially Compliant",
        "* **Specific Issues Found:** While the clause addresses confidentiality, it lacks specific mention of data protection obligations under GDPR. It doesn't explicitly state that the receiving party will process personal data only in accordance with GDPR principles and requirements.",
        "* **Regulatory Concerns:**  GDPR Article 5 (principles of processing) mandates lawful, fair, transparent, and purpose-limited processing of personal data.",
        "* **Security & Privacy Gaps:** The clause doesn't address data security measures or breach notification procedures required under GDPR Article 32 and 33 respectively.",
        "* Amend the clause to explicitly state that the receiving party will process personal data in compliance with GDPR principles and requirements.",
        "* Include provisions for implementing appropriate technical and organizational security measures to protect personal data (Article 32).",
        "* **Compliance Status:** Not Directly Relevant",
        "* **Specific Issues Found:** These clauses primarily deal with financial aspects and don't directly impact GDPR compliance. However, they could indirectly contribute to risks if they involve processing personal data for invoicing or payment purposes.",
        "* **Regulatory Concerns:** N/A (unless personal data is involved in the financial transactions)",
        "* **Security & Privacy Gaps:** N/A (unless personal data is involved in the financial transactions)",
        "* Review these clauses to ensure they don't inadvertently involve processing personal data. If they do, incorporate GDPR-compliant provisions as outlined above for Clause 1.",
        "* **Compliance Status:** Not Directly Relevant",
        "* **Specific Issues Found:** This clause focuses on intellectual property rights and doesn't directly address GDPR compliance.",
        "* **Regulatory Concerns:** N/A",
        "* **Security & Privacy Gaps:** N/A",
        "The provided clauses exhibit a lack of explicit focus on GDPR compliance. While Clause 1 touches upon confidentiality, it needs significant revisions to ensure full adherence to GDPR requirements regarding data protection, processing principles, security measures, and breach notification.",
        "**Disclaimer:** This analysis is based solely on the limited information provided in the contract clauses. A comprehensive GDPR compliance assessment requires a thorough review of the entire agreement and understanding of the specific context and operations involved. Consulting with a qualified legal professional specializing in GDPR is highly recommended for ensuring full compliance."
      ],
      "risk_level": "low",
      "confidence": 0.85
    },
    "finance": {
      "finance_analysis": "##  Financial Analysis of Service Agreement\n\nBased on the provided clauses, here's a structured analysis of the financial terms:\n\n**1. Payment Terms:**\n\n* **Schedules & Due Dates:** The contract lacks specific details regarding payment schedules and due dates. Clause 3 mentions \"monthly invoices,\" suggesting a monthly billing cycle, but no specific due date is stated.\n* **Invoice Generation & Delivery:** Provider will issue monthly invoices to Recipient.  The method of invoice delivery (e.g., email, postal mail) is not specified.\n* **Payment Methods & Processing:** The contract doesn't explicitly mention acceptable payment methods.\n\n**2. Fee Structure:**\n\n* **Types & Amounts:** \n    *  The contract mentions \"Out-of-Pocket Costs\" which Provider can be reimbursed for by Recipient (Clause 1 & 2). This includes license fees, payments to third-party service providers, and subcontractors. The exact amounts are not defined.\n    * No information is provided about any fixed fees or recurring charges for the services themselves.\n\n* **Billing Cycles:** Monthly billing is implied based on Clause 3.\n\n**3. Penalties & Late Fees:**\n\n*  The contract does not mention any specific penalties or late fees for delayed payments.\n\n**4. Interest Rates:**\n\n* The contract does not specify any interest rates or compounding terms.\n\n**5. Financial Liability:**\n\n* **Caps & Obligations:**\n    * Provider's financial liability is limited to reimbursement of \"reasonable and documented Out-of-Pocket Costs\" (Clause 1 & 2).\n    * Recipient's financial obligation is to reimburse Provider for all incurred \"Out-of-Pocket Costs.\"\n* **Risks:**\n    *  **Provider:** Risk of incurring significant \"Out-of-Pocket Costs\" without clear budget or cost control mechanisms. Potential risk of delayed reimbursement from Recipient.\n    * **Recipient:** Risk of unexpected and potentially high costs related to Provider's \"Out-of-Pocket Expenses.\"\n\n**6. Risk Assessment:** \n\n**Medium** due to the lack of clarity regarding payment schedules, fee structures for services, and potential for significant \"Out-of-Pocket Costs\" that could impact both parties financially.\n\n**7. Total Financial Obligations:**\n\n*  Uncalculable without further information on service fees, scope of work, and potential \"Out-of-Pocket Expenses.\"\n\n\n**8. Key Recommendations:**\n\n* **Negotiate Clear Payment Terms:** Define specific payment schedules, due dates, acceptable payment methods, and invoicing procedures.\n* **Establish Fee Structure for Services:** Clearly outline the fees for services provided, including any recurring charges or usage-based fees.\n* **Define \"Out-of-Pocket Costs\" in Detail:** Specify allowable expenses and establish a process for documentation, approval, and reimbursement of these costs.\n* **Consider Penalties & Late Fees:** Include provisions for penalties or late fees to incentivize timely payments and mitigate financial risk.\n* **Include Interest Rate Clauses:**  Specify interest rates applicable to overdue payments to protect both parties' financial interests.\n\n\n\nBy addressing these recommendations, the contract can be revised to provide greater clarity, transparency, and financial protection for both Provider and Recipient.",
      "extracted_clauses": [
        "##  Financial Analysis of Service Agreement",
        "Based on the provided clauses, here's a structured analysis of the financial terms:",
        "**1. Payment Terms:**",
        "* **Schedules & Due Dates:** The contract lacks specific details regarding payment schedules and due dates. Clause 3 mentions \"monthly invoices,\" suggesting a monthly billing cycle, but no specific due date is stated.",
        "* **Invoice Generation & Delivery:** Provider will issue monthly invoices to Recipient.  The method of invoice delivery (e.g., email, postal mail) is not specified.",
        "* **Payment Methods & Processing:** The contract doesn't explicitly mention acceptable payment methods.",
        "**2. Fee Structure:**",
        "*  The contract mentions \"Out-of-Pocket Costs\" which Provider can be reimbursed for by Recipient (Clause 1 & 2). This includes license fees, payments to third-party service providers, and subcontractors. The exact amounts are not defined.",
        "* No information is provided about any fixed fees or recurring charges for the services themselves.",
        "* **Billing Cycles:** Monthly billing is implied based on Clause 3.",
        "**3. Penalties & Late Fees:**",
        "*  The contract does not mention any specific penalties or late fees for delayed payments.",
        "**4. Interest Rates:**",
        "* The contract does not specify any interest rates or compounding terms.",
        "**5. Financial Liability:**",
        "* Provider's financial liability is limited to reimbursement of \"reasonable and documented Out-of-Pocket Costs\" (Clause 1 & 2).",
        "* Recipient's financial obligation is to reimburse Provider for all incurred \"Out-of-Pocket Costs.\"",
        "*  **Provider:** Risk of incurring significant \"Out-of-Pocket Costs\" without clear budget or cost control mechanisms. Potential risk of delayed reimbursement from Recipient.",
        "* **Recipient:** Risk of unexpected and potentially high costs related to Provider's \"Out-of-Pocket Expenses.\"",
        "**Medium** due to the lack of clarity regarding payment schedules, fee structures for services, and potential for significant \"Out-of-Pocket Costs\" that could impact both parties financially.",
        "**7. Total Financial Obligations:**",
        "*  Uncalculable without further information on service fees, scope of work, and potential \"Out-of-Pocket Expenses.\"",
        "* **Negotiate Clear Payment Terms:** Define specific payment schedules, due dates, acceptable payment methods, and invoicing procedures.",
        "* **Establish Fee Structure for Services:** Clearly outline the fees for services provided, including any recurring charges or usage-based fees.",
        "* **Define \"Out-of-Pocket Costs\" in Detail:** Specify allowable expenses and establish a process for documentation, approval, and reimbursement of these costs.",
        "* **Consider Penalties & Late Fees:** Include provisions for penalties or late fees to incentivize timely payments and mitigate financial risk.",
        "* **Include Interest Rate Clauses:**  Specify interest rates applicable to overdue payments to protect both parties' financial interests.",
        "By addressing these recommendations, the contract can be revised to provide greater clarity, transparency, and financial protection for both Provider and Recipient."
      ],
      "risk_level": "medium",
      "confidence": 0.85
    },
    "operations": {
      "operations_analysis": "## Operational Analysis of Provided Contract Clauses\n\nBased on the provided clauses, a comprehensive analysis of SLAs and operational terms is **impossible**.  The excerpts lack crucial information about service level commitments, uptime guarantees, performance metrics, and support obligations. \n\nHere's a breakdown of why:\n\n**1. Missing SLA Commitments:**\n\n* The clauses primarily focus on financial aspects (reimbursement for expenses, invoicing) and distribution arrangements.\n* There are **no explicit mentions** of service levels, targets, or penalties related to performance.\n\n**2. Uptime & Availability Unclear:**\n\n* No guarantees regarding system uptime or availability are stated. \n* The clauses don't define how uptime will be measured or calculated.\n\n**3. Response & Resolution Times Absent:**\n\n* There is **no information** about support tiers, escalation procedures, or response/resolution time requirements.\n\n**4. Maintenance Windows Undefined:**\n\n* Clauses do not specify any scheduled downtime periods or notification procedures for maintenance activities.\n\n**5. Performance Metrics Unidentified:**\n\n* No KPIs or performance metrics are mentioned for evaluating service quality.\n* There's no indication of how performance will be monitored and reported.\n\n**6. Support Obligations Lacking:**\n\n* The clauses don't specify the available support channels, operating hours, or personnel responsible for addressing issues.\n\n**7. Operational Risk Assessment: Impossible**\n\nWithout the essential operational details, a proper risk assessment is impossible. \n\n\n**8. Missing Operational Safeguards:**\n\nDue to the lack of information, it's difficult to identify missing safeguards. However, common omissions in similar contracts include:\n\n* **Service Level Reporting Requirements:**  Clear guidelines on frequency and format of performance reports.\n* **Dispute Resolution Mechanisms:** Procedures for addressing disagreements regarding service levels or performance.\n* **Data Security & Privacy Provisions:** Clauses outlining responsibilities for protecting sensitive customer data.\n\n\n**9. Key Recommendations:**\n\n* **Request a complete copy of the Service Level Agreement (SLA):** This document will contain all the necessary details about operational commitments, performance metrics, and support obligations.\n* **Negotiate clear and measurable service level targets:** Ensure that the agreed-upon targets are realistic and achievable.\n* **Define specific response and resolution times for different support tiers:** Establish clear escalation procedures to address critical issues promptly.\n* **Include provisions for regular performance monitoring and reporting:** This will allow both parties to track progress and identify areas for improvement.\n* **Incorporate robust data security and privacy clauses:** Protect sensitive customer information and comply with relevant regulations.\n\n\n\nRemember, this analysis is based on limited information. A thorough review of the complete SLA is crucial for a comprehensive understanding of the operational terms and associated risks.",
      "extracted_clauses": [
        "Based on the provided clauses, a comprehensive analysis of SLAs and operational terms is **impossible**.  The excerpts lack crucial information about service level commitments, uptime guarantees, performance metrics, and support obligations.",
        "**1. Missing SLA Commitments:**",
        "* There are **no explicit mentions** of service levels, targets, or penalties related to performance.",
        "**2. Uptime & Availability Unclear:**",
        "* No guarantees regarding system uptime or availability are stated.",
        "* The clauses don't define how uptime will be measured or calculated.",
        "**3. Response & Resolution Times Absent:**",
        "* There is **no information** about support tiers, escalation procedures, or response/resolution time requirements.",
        "**4. Maintenance Windows Undefined:**",
        "* Clauses do not specify any scheduled downtime periods or notification procedures for maintenance activities.",
        "**5. Performance Metrics Unidentified:**",
        "* No KPIs or performance metrics are mentioned for evaluating service quality.",
        "* There's no indication of how performance will be monitored and reported.",
        "**6. Support Obligations Lacking:**",
        "* The clauses don't specify the available support channels, operating hours, or personnel responsible for addressing issues.",
        "* **Service Level Reporting Requirements:**  Clear guidelines on frequency and format of performance reports.",
        "* **Dispute Resolution Mechanisms:** Procedures for addressing disagreements regarding service levels or performance.",
        "* **Request a complete copy of the Service Level Agreement (SLA):** This document will contain all the necessary details about operational commitments, performance metrics, and support obligations.",
        "* **Negotiate clear and measurable service level targets:** Ensure that the agreed-upon targets are realistic and achievable.",
        "* **Define specific response and resolution times for different support tiers:** Establish clear escalation procedures to address critical issues promptly.",
        "* **Include provisions for regular performance monitoring and reporting:** This will allow both parties to track progress and identify areas for improvement.",
        "Remember, this analysis is based on limited information. A thorough review of the complete SLA is crucial for a comprehensive understanding of the operational terms and associated risks."
      ],
      "risk_level": "medium",
      "confidence": 0.85
    }
  },
  "overall_risk": "medium",
  "total_clauses": 102,
  "confidence_aggregate": 0.85,
  "metadata": {
    "agents_executed": 4,
    "pipelines_completed": 4,
    "validation_status": "all_passed",
    "risk_distribution": {
      "legal": "high",
      "compliance": "low",
      "finance": "medium",
      "operations": "medium"
    }
  }
}