{
  "session_id": "collab_session_20260115_181101",
  "turn_number": 0,
  "timestamp": "20260115_181101",
  "query": "Review GDPR compliance requirements, payment terms with late penalties, and SLA deliverables",
  "memory": [
    {
      "agent": "routing",
      "timestamp": "2026-01-15T18:11:57.010817",
      "turn": 0,
      "routed_agents": [
        "compliance",
        "finance",
        "operations"
      ],
      "reasoning": "GDPR compliance falls under data protection handled by the Compliance agent. Payment terms and penalties are financial aspects handled by the Finance agent. SLA deliverables relate to service levels and project schedules, which fall under the Operations agent.",
      "summary": "Routing: Selected compliance, finance, operations"
    },
    {
      "agent": "compliance",
      "timestamp": "2026-01-15T18:11:58.989318",
      "turn": 0,
      "clauses": [
        {
          "clause": "The receiving party will not disclose the other party's confidential information to any third parties without the other party's prior written consent.",
          "risk_level": "high",
          "confidence": 1,
          "relevance_score": 0.173079014,
          "agent": "compliance"
        }
      ],
      "risk_level": "high",
      "threshold_used": 0.1,
      "summary": "Compliance: Found 1 clauses (threshold: 0.1, risk: high)"
    },
    {
      "agent": "finance",
      "timestamp": "2026-01-15T18:11:59.399400",
      "turn": 0,
      "clauses": [
        {
          "clause": "In the event that Provider incurs reasonable and documented out-of-pocket expenses in the provision of any Service, including, without limitation, license fees and payments to third-party service providers or subcontractors (such included expenses, collectively, ",
          "risk_level": "medium",
          "confidence": 0.7,
          "relevance_score": 0.370040894,
          "agent": "finance"
        },
        {
          "clause": "), Recipient shall reimburse Provider for all such Out-of-Pocket Costs.",
          "risk_level": "medium",
          "confidence": 0.7,
          "relevance_score": 0.329527885,
          "agent": "finance"
        },
        {
          "clause": "Provider shall provide Recipient with monthly invo",
          "risk_level": "medium",
          "confidence": 0.7,
          "relevance_score": 0.272268295,
          "agent": "finance"
        }
      ],
      "cross_references": 0,
      "summary": "Finance: Found 3 clauses, cross-referenced with other agents"
    },
    {
      "agent": "operations",
      "timestamp": "2026-01-15T18:11:59.742367",
      "turn": 0,
      "clauses": [
        {
          "clause": "Pivotal Self Service Tech, Inc. will provide fulfillment services through affiliates for final distribution of the Products",
          "risk_level": "medium",
          "confidence": 0.8,
          "relevance_score": 0.235128418,
          "agent": "operations"
        },
        {
          "clause": "Collectible Concepts Group will obtain any licenses deemed by the Joint Venturers to add value in the marketing of the Products",
          "risk_level": "medium",
          "confidence": 0.8,
          "relevance_score": 0.153172508,
          "agent": "operations"
        }
      ],
      "threshold_used": 0.1,
      "sla_validation": "completed",
      "legal_context_used": false,
      "summary": "Operations: Found 2 SLA clauses (threshold: 0.1), validated with Legal"
    },
    {
      "agent": "aggregation",
      "timestamp": "2026-01-15T18:11:59.742367",
      "turn": 0,
      "total_clauses": 6,
      "communication_events": 1,
      "conflicts_resolved": 0,
      "summary": "Aggregation: 6 clauses, 1 validation notes"
    }
  ],
  "conversation_history": [],
  "routed_agents": [
    "compliance",
    "finance",
    "operations"
  ],
  "routing_reasoning": "GDPR compliance falls under data protection handled by the Compliance agent. Payment terms and penalties are financial aspects handled by the Finance agent. SLA deliverables relate to service levels and project schedules, which fall under the Operations agent.",
  "execution_order": [
    "routing",
    "compliance",
    "finance",
    "operations",
    "aggregation"
  ],
  "total_clauses_retrieved": 6,
  "coordinator_model": "gemma2:9b",
  "vector_store": "Pinecone"
}