{
  "session_id": "collab_session_20260115_181319",
  "turn_number": 0,
  "timestamp": "20260115_181319",
  "query": "Review termination GDPR compliance requirements, payment terms with late penalties, and SLA deliverables",
  "memory": [
    {
      "agent": "routing",
      "timestamp": "2026-01-15T18:13:51.902916",
      "turn": 0,
      "routed_agents": [
        "legal",
        "compliance",
        "finance",
        "operations"
      ],
      "reasoning": "The query involves termination clauses (legal), GDPR compliance (compliance), payment terms and penalties (finance), and SLA deliverables (operations).",
      "summary": "Routing: Selected legal, compliance, finance, operations"
    },
    {
      "agent": "compliance",
      "timestamp": "2026-01-15T18:13:53.781073",
      "turn": 0,
      "clauses": [
        {
          "clause": "The receiving party will not disclose the other party's confidential information to any third parties without the other party's prior written consent.",
          "risk_level": "high",
          "confidence": 1,
          "relevance_score": 0.185716629,
          "agent": "compliance"
        }
      ],
      "risk_level": "high",
      "threshold_used": 0.1,
      "summary": "Compliance: Found 1 clauses (threshold: 0.1, risk: high)"
    },
    {
      "agent": "finance",
      "timestamp": "2026-01-15T18:13:54.090634",
      "turn": 0,
      "clauses": [
        {
          "clause": "In the event that Provider incurs reasonable and documented out-of-pocket expenses in the provision of any Service, including, without limitation, license fees and payments to third-party service providers or subcontractors (such included expenses, collectively, ",
          "risk_level": "medium",
          "confidence": 0.7,
          "relevance_score": 0.360460281,
          "agent": "finance"
        },
        {
          "clause": "), Recipient shall reimburse Provider for all such Out-of-Pocket Costs.",
          "risk_level": "medium",
          "confidence": 0.7,
          "relevance_score": 0.315515548,
          "agent": "finance"
        },
        {
          "clause": "Provider shall provide Recipient with monthly invo",
          "risk_level": "medium",
          "confidence": 0.7,
          "relevance_score": 0.243584633,
          "agent": "finance"
        }
      ],
      "cross_references": 0,
      "summary": "Finance: Found 3 clauses, cross-referenced with other agents"
    },
    {
      "agent": "legal",
      "timestamp": "2026-01-15T18:13:54.435093",
      "turn": 0,
      "clauses": [
        {
          "clause": "The other party shall give notice of termination in writing to the other party, which notice shall specify in reasonable detail the event(s) of default that give rise to such termination.",
          "risk_level": "low",
          "confidence": 0.85,
          "relevance_score": 0.407176971,
          "agent": "legal"
        },
        {
          "clause": "The other party asserts any rights in or to the terminating party's intellectual property in violation of this Agreement.",
          "risk_level": "low",
          "confidence": 0.85,
          "relevance_score": 0.288509369,
          "agent": "legal"
        }
      ],
      "validations_performed": 1,
      "conflicts_found": 2,
      "summary": "Legal: Retrieved 2 clauses, validated 1 requests"
    },
    {
      "agent": "operations",
      "timestamp": "2026-01-15T18:13:54.730848",
      "turn": 0,
      "clauses": [
        {
          "clause": "Pivotal Self Service Tech, Inc. will provide fulfillment services through affiliates for final distribution of the Products",
          "risk_level": "medium",
          "confidence": 0.8,
          "relevance_score": 0.25522235,
          "agent": "operations"
        },
        {
          "clause": "Collectible Concepts Group will obtain any licenses deemed by the Joint Venturers to add value in the marketing of the Products",
          "risk_level": "medium",
          "confidence": 0.8,
          "relevance_score": 0.134501472,
          "agent": "operations"
        }
      ],
      "threshold_used": 0.1,
      "sla_validation": "completed",
      "legal_context_used": true,
      "summary": "Operations: Found 2 SLA clauses (threshold: 0.1), validated with Legal"
    },
    {
      "agent": "aggregation",
      "timestamp": "2026-01-15T18:13:54.730848",
      "turn": 0,
      "total_clauses": 8,
      "communication_events": 1,
      "conflicts_resolved": 2,
      "summary": "Aggregation: 8 clauses, 2 validation notes"
    }
  ],
  "conversation_history": [],
  "routed_agents": [
    "legal",
    "compliance",
    "finance",
    "operations"
  ],
  "routing_reasoning": "The query involves termination clauses (legal), GDPR compliance (compliance), payment terms and penalties (finance), and SLA deliverables (operations).",
  "execution_order": [
    "routing",
    "compliance",
    "finance",
    "legal",
    "operations",
    "aggregation"
  ],
  "total_clauses_retrieved": 8,
  "coordinator_model": "gemma2:9b",
  "vector_store": "Pinecone"
}