{
  "pipeline": "Compliance Pipeline",
  "timestamp": "2026-01-15T21:12:21.715319",
  "model": "gemma2:9b",
  "pinecone_index": "contract-agents",
  "score_threshold": 0.1,
  "results": {
    "status": "success",
    "model": "gemma2:9b",
    "output": {
      "compliance_analysis": "## GDPR Compliance Analysis of Contract Clauses\n\nBased on the provided clauses, here's a preliminary analysis of their GDPR compliance:\n\n**Clause 1: Confidentiality**\n\n* **Compliance Status:** Partially Compliant\n* **Risk Level:** Medium\n* **Specific Issues Found:** While the clause addresses confidentiality, it lacks specific mention of data protection obligations under GDPR. It doesn't explicitly state that the receiving party will process personal data only in accordance with GDPR principles and requirements.\n* **Regulatory Concerns:**  GDPR Article 5 (principles of processing) mandates lawful, fair, transparent, and purpose-limited processing of personal data.\n* **Security & Privacy Gaps:** The clause doesn't address data security measures or breach notification procedures required under GDPR Article 32 and 33 respectively.\n* **Recommended Actions:**\n\n    * Amend the clause to explicitly state that the receiving party will process personal data in compliance with GDPR principles and requirements.\n    * Include provisions for implementing appropriate technical and organizational security measures to protect personal data (Article 32).\n    *  Add a clear breach notification procedure outlining steps to be taken in case of a data breach (Article 33).\n\n**Clause 2-4: Finance Clauses**\n\n* **Compliance Status:** Not Directly Relevant\n* **Risk Level:** Low\n* **Specific Issues Found:** These clauses primarily deal with financial aspects and don't directly impact GDPR compliance. However, they could indirectly contribute to risks if they involve processing personal data for invoicing or payment purposes. \n* **Regulatory Concerns:** N/A (unless personal data is involved in the financial transactions)\n* **Security & Privacy Gaps:** N/A (unless personal data is involved in the financial transactions)\n* **Recommended Actions:**\n\n    * Review these clauses to ensure they don't inadvertently involve processing personal data. If they do, incorporate GDPR-compliant provisions as outlined above for Clause 1.\n\n\n**Clause 5: Intellectual Property**\n\n* **Compliance Status:** Not Directly Relevant\n* **Risk Level:** Low\n* **Specific Issues Found:** This clause focuses on intellectual property rights and doesn't directly address GDPR compliance.\n* **Regulatory Concerns:** N/A\n* **Security & Privacy Gaps:** N/A\n\n\n**Overall Assessment:**\n\nThe provided clauses exhibit a lack of explicit focus on GDPR compliance. While Clause 1 touches upon confidentiality, it needs significant revisions to ensure full adherence to GDPR requirements regarding data protection, processing principles, security measures, and breach notification.  \n\n\n\n**Disclaimer:** This analysis is based solely on the limited information provided in the contract clauses. A comprehensive GDPR compliance assessment requires a thorough review of the entire agreement and understanding of the specific context and operations involved. Consulting with a qualified legal professional specializing in GDPR is highly recommended for ensuring full compliance.",
      "extracted_clauses": [
        "## GDPR Compliance Analysis of Contract Clauses",
        "Based on the provided clauses, here's a preliminary analysis of their GDPR compliance:",
        "**Clause 1: Confidentiality**",
        "* **Compliance Status:** Partially Compliant",
        "* **Specific Issues Found:** While the clause addresses confidentiality, it lacks specific mention of data protection obligations under GDPR. It doesn't explicitly state that the receiving party will process personal data only in accordance with GDPR principles and requirements.",
        "* **Regulatory Concerns:**  GDPR Article 5 (principles of processing) mandates lawful, fair, transparent, and purpose-limited processing of personal data.",
        "* **Security & Privacy Gaps:** The clause doesn't address data security measures or breach notification procedures required under GDPR Article 32 and 33 respectively.",
        "* Amend the clause to explicitly state that the receiving party will process personal data in compliance with GDPR principles and requirements.",
        "* Include provisions for implementing appropriate technical and organizational security measures to protect personal data (Article 32).",
        "* **Compliance Status:** Not Directly Relevant",
        "* **Specific Issues Found:** These clauses primarily deal with financial aspects and don't directly impact GDPR compliance. However, they could indirectly contribute to risks if they involve processing personal data for invoicing or payment purposes.",
        "* **Regulatory Concerns:** N/A (unless personal data is involved in the financial transactions)",
        "* **Security & Privacy Gaps:** N/A (unless personal data is involved in the financial transactions)",
        "* Review these clauses to ensure they don't inadvertently involve processing personal data. If they do, incorporate GDPR-compliant provisions as outlined above for Clause 1.",
        "* **Compliance Status:** Not Directly Relevant",
        "* **Specific Issues Found:** This clause focuses on intellectual property rights and doesn't directly address GDPR compliance.",
        "* **Regulatory Concerns:** N/A",
        "* **Security & Privacy Gaps:** N/A",
        "The provided clauses exhibit a lack of explicit focus on GDPR compliance. While Clause 1 touches upon confidentiality, it needs significant revisions to ensure full adherence to GDPR requirements regarding data protection, processing principles, security measures, and breach notification.",
        "**Disclaimer:** This analysis is based solely on the limited information provided in the contract clauses. A comprehensive GDPR compliance assessment requires a thorough review of the entire agreement and understanding of the specific context and operations involved. Consulting with a qualified legal professional specializing in GDPR is highly recommended for ensuring full compliance."
      ],
      "risk_level": "low",
      "confidence": 0.85
    }
  },
  "validation": {
    "validation_passed": true,
    "validation_checks": [
      "Clauses extracted: 20",
      "Risk level assessed: low",
      "Confidence score: 0.85",
      "Analysis length: 3039 characters",
      "Compliance terms found: compliance, gdpr, security, privacy, legal"
    ],
    "extracted_clauses_count": 20,
    "risk_level": "low",
    "confidence": 0.85,
    "completeness_score": 0.0
  },
  "risk_summary": {
    "timestamp": "2026-01-15T21:12:21.715319",
    "total_clauses": 20,
    "risk_level": "low",
    "confidence": 0.85,
    "validation_passed": true,
    "compliance_risks": [],
    "recommendations": [
      "Compliance requirements are met",
      "Continue monitoring regulatory changes"
    ],
    "key_findings": [
      "## GDPR Compliance Analysis of Contract Clauses",
      "Based on the provided clauses, here's a preliminary analysis of their GDPR compliance:",
      "* **Compliance Status:** Partially Compliant",
      "* **Risk Level:** Medium",
      "* **Specific Issues Found:** While the clause addresses confidentiality, it lacks specific mention of data protection obligations under GDPR. It doesn't explicitly state that the receiving party will process personal data only in accordance with GDPR principles and requirements."
    ]
  }
}