{
  "pipeline": "Legal Pipeline",
  "timestamp": "2026-01-15T23:05:32.149279",
  "model": "gemma2:9b",
  "model_config": {
    "timeout": 400,
    "max_tokens": 850
  },
  "pinecone_index": "contract-agents",
  "score_threshold": 0.1,
  "results": {
    "status": "success",
    "model": "gemma2:9b",
    "output": {
      "legal_analysis": "## Legal Analysis of Master Services Agreement Clauses\n\n**Disclaimer:** This analysis is based solely on the provided clauses and lacks the full context of a complete Master Services Agreement. A comprehensive legal review requires examining the entire document. \n\n**1. Liability & Indemnification:**\n\n* **Indemnification Obligations and Scope:** The clauses do not explicitly state indemnification obligations.  It's crucial to identify which party is responsible for indemnifying the other against losses arising from:\n    * Breach of contract\n    * Negligence\n    * Intellectual property infringement\n    * Third-party claims\n\n* **Liability Limitations and Caps:** There are no clauses mentioning liability limitations or caps. This leaves parties potentially exposed to unlimited liability. \n\n* **Hold Harmless Provisions:**  No explicit hold harmless provisions are present. These clauses protect a party from liability for certain events, even if they contributed to the loss.\n* **Defense Obligations and Costs:** The clauses do not address who bears the cost of defending against claims. This is crucial as legal defense can be expensive.\n\n* **Exclusions and Carve-Outs:**  The clauses lack specific exclusions or carve-outs from indemnification obligations. \n\n**2. Warranties & Representations:**\n\n* **Types, Disclaimers, Remedies:** The provided clauses do not contain any explicit warranties or representations about the services, products, or performance. Without clear warranties, parties are exposed to potential risks.\n\n**3. Dispute Resolution:**\n\n*  The clauses do not mention any dispute resolution mechanisms like arbitration, litigation, or mediation. This leaves the process undefined and potentially costly and time-consuming.\n\n**4. Termination Rights:**\n\n* **Conditions, Notice, Breach:** \n    * Clause 2 mentions termination notice specifying default events.\n    * However, it lacks details on specific breach conditions triggering termination.\n    * The clause doesn't specify the consequences of termination (e.g., payment obligations).\n\n**5. Governing Law & Jurisdiction:**\n\n*  The clauses do not mention governing law or jurisdiction. This is crucial as different jurisdictions have varying legal interpretations and enforcements.\n\n**6. Legal Risk Assessment:** **HIGH**\n\nThe lack of clear provisions on liability, indemnification, warranties, dispute resolution, termination, and governing law creates significant legal risk for both parties.  \n\n\n**7. Unfavorable or One-Sided Terms:**\n\n* The absence of specific clauses defining responsibilities and liabilities leaves the agreement open to interpretation and potential disputes.\n* Without clear limitations on liability, one party could be exposed to unlimited financial risk.\n* The lack of a dispute resolution mechanism increases the likelihood of costly litigation.\n\n**8. Missing Standard Legal Protections:**\n\n* **Indemnification Clauses:**  Clearly define indemnification obligations, scope, exclusions, and limitations.\n* **Warranties & Representations:** Include express warranties regarding services, products, or performance, with disclaimers and remedies for breach.\n* **Dispute Resolution Clause:** Specify a preferred method (e.g., arbitration, mediation) to resolve disputes efficiently and cost-effectively.\n* **Termination Clause:** Define specific breach conditions triggering termination, consequences of termination, and notice requirements.\n* **Governing Law & Jurisdiction Clause:**  Select an appropriate jurisdiction and governing law for the agreement.\n\n**9. Key Recommendations:**\n\n\n* **Negotiate Comprehensive Clauses:** Include detailed provisions addressing liability, indemnification, warranties, dispute resolution, termination, and governing law.\n* **Seek Legal Counsel:** Consult with an experienced attorney to review and negotiate the Master Services Agreement to ensure it adequately protects your interests.\n* **Prioritize Clarity and Specificity:** Avoid ambiguity in contractual language. Clearly define terms, responsibilities, and consequences.\n\n\nRemember, this analysis is preliminary and should not be considered legal advice.  Always consult with a qualified attorney for specific legal guidance.",
      "extracted_clauses": [
        "## Legal Analysis of Master Services Agreement Clauses",
        "**Disclaimer:** This analysis is based solely on the provided clauses and lacks the full context of a complete Master Services Agreement. A comprehensive legal review requires examining the entire document.",
        "**1. Liability & Indemnification:**",
        "* **Indemnification Obligations and Scope:** The clauses do not explicitly state indemnification obligations.  It's crucial to identify which party is responsible for indemnifying the other against losses arising from:",
        "* Breach of contract",
        "* **Liability Limitations and Caps:** There are no clauses mentioning liability limitations or caps. This leaves parties potentially exposed to unlimited liability.",
        "* **Hold Harmless Provisions:**  No explicit hold harmless provisions are present. These clauses protect a party from liability for certain events, even if they contributed to the loss.",
        "* **Defense Obligations and Costs:** The clauses do not address who bears the cost of defending against claims. This is crucial as legal defense can be expensive.",
        "* **Exclusions and Carve-Outs:**  The clauses lack specific exclusions or carve-outs from indemnification obligations.",
        "**3. Dispute Resolution:**",
        "*  The clauses do not mention any dispute resolution mechanisms like arbitration, litigation, or mediation. This leaves the process undefined and potentially costly and time-consuming.",
        "**4. Termination Rights:**",
        "* **Conditions, Notice, Breach:**",
        "* Clause 2 mentions termination notice specifying default events.",
        "* However, it lacks details on specific breach conditions triggering termination.",
        "* The clause doesn't specify the consequences of termination (e.g., payment obligations).",
        "**5. Governing Law & Jurisdiction:**",
        "*  The clauses do not mention governing law or jurisdiction. This is crucial as different jurisdictions have varying legal interpretations and enforcements.",
        "**6. Legal Risk Assessment:** **HIGH**",
        "The lack of clear provisions on liability, indemnification, warranties, dispute resolution, termination, and governing law creates significant legal risk for both parties.",
        "* The absence of specific clauses defining responsibilities and liabilities leaves the agreement open to interpretation and potential disputes.",
        "* Without clear limitations on liability, one party could be exposed to unlimited financial risk.",
        "* The lack of a dispute resolution mechanism increases the likelihood of costly litigation.",
        "**8. Missing Standard Legal Protections:**",
        "* **Indemnification Clauses:**  Clearly define indemnification obligations, scope, exclusions, and limitations.",
        "* **Warranties & Representations:** Include express warranties regarding services, products, or performance, with disclaimers and remedies for breach.",
        "* **Dispute Resolution Clause:** Specify a preferred method (e.g., arbitration, mediation) to resolve disputes efficiently and cost-effectively.",
        "* **Termination Clause:** Define specific breach conditions triggering termination, consequences of termination, and notice requirements.",
        "* **Governing Law & Jurisdiction Clause:**  Select an appropriate jurisdiction and governing law for the agreement.",
        "* **Negotiate Comprehensive Clauses:** Include detailed provisions addressing liability, indemnification, warranties, dispute resolution, termination, and governing law.",
        "* **Seek Legal Counsel:** Consult with an experienced attorney to review and negotiate the Master Services Agreement to ensure it adequately protects your interests.",
        "Remember, this analysis is preliminary and should not be considered legal advice.  Always consult with a qualified attorney for specific legal guidance."
      ],
      "risk_level": "high",
      "confidence": 0.85
    }
  },
  "validation": {
    "validation_passed": true,
    "validation_checks": [
      "Clauses extracted: 32",
      "Risk level assessed: high",
      "Confidence score: 0.85",
      "Analysis length: 4217 characters",
      "Legal terms found: liability, indemnification, dispute, termination, breach"
    ],
    "extracted_clauses_count": 32,
    "risk_level": "high",
    "confidence": 0.85,
    "completeness_score": 0.0
  },
  "risk_summary": {
    "timestamp": "2026-01-15T23:05:32.147035",
    "total_clauses": 32,
    "risk_level": "high",
    "confidence": 0.85,
    "validation_passed": true,
    "legal_risks": [
      "Unfavorable or one-sided terms identified",
      "Excessive liability exposure",
      "Inadequate legal protections"
    ],
    "recommendations": [
      "Negotiate liability caps and limitations",
      "Add mutual indemnification provisions",
      "Include standard legal protections",
      "Review with legal counsel before signing"
    ],
    "key_findings": [
      "**1. Liability & Indemnification:**",
      "* **Indemnification Obligations and Scope:** The clauses do not explicitly state indemnification obligations.  It's crucial to identify which party is responsible for indemnifying the other against losses arising from:",
      "* Breach of contract",
      "* **Liability Limitations and Caps:** There are no clauses mentioning liability limitations or caps. This leaves parties potentially exposed to unlimited liability.",
      "* **Hold Harmless Provisions:**  No explicit hold harmless provisions are present. These clauses protect a party from liability for certain events, even if they contributed to the loss."
    ]
  }
}