{
  "pipeline": "operations",
  "execution": "baseline",
  "timestamp": "2026-01-15T23:45:17.671721",
  "configuration": {
    "model": "gemma2:9b",
    "timeout": 420,
    "max_tokens": 900,
    "pinecone_index": "contract-agents",
    "score_threshold": 0.1
  },
  "query": "Analyze SLAs, performance metrics, and support obligations",
  "contract_type": "Service Level Agreement",
  "retrieval": {
    "chunks_retrieved": 6,
    "combined_chunks": 6,
    "text_length": 1583,
    "truncated": false
  },
  "result": {
    "status": "success",
    "model": "gemma2:9b",
    "output": {
      "operations_analysis": "## Operational Analysis of Provided Contract Clauses\n\nBased on the provided clauses, a comprehensive analysis of SLAs and operational terms is **impossible**.  The excerpts lack crucial information about service level commitments, uptime guarantees, performance metrics, and support obligations. \n\nHere's a breakdown of why:\n\n**1. Missing SLA Commitments:**\n\n* The clauses primarily focus on financial aspects (reimbursement for expenses, invoicing) and distribution arrangements.\n* There are **no explicit mentions** of service levels, targets, or penalties related to performance.\n\n**2. Uptime & Availability Unclear:**\n\n* No guarantees regarding system uptime or availability are stated. \n* The clauses don't define how uptime will be measured or calculated.\n\n**3. Response & Resolution Times Absent:**\n\n* There is **no information** about support tiers, escalation procedures, or response/resolution time requirements.\n\n**4. Maintenance Windows Undefined:**\n\n* Clauses do not specify any scheduled downtime periods or notification procedures for maintenance activities.\n\n**5. Performance Metrics Unidentified:**\n\n* No KPIs or performance metrics are mentioned for evaluating service quality.\n* There's no indication of how performance will be monitored and reported.\n\n**6. Support Obligations Lacking:**\n\n* The clauses don't specify the available support channels, operating hours, or personnel responsible for addressing issues.\n\n**7. Operational Risk Assessment: Impossible**\n\nWithout the essential operational details, a proper risk assessment is impossible. \n\n\n**8. Missing Operational Safeguards:**\n\nDue to the lack of information, it's difficult to identify missing safeguards. However, common omissions in similar contracts include:\n\n* **Service Level Reporting Requirements:**  Clear guidelines on frequency and format of performance reports.\n* **Dispute Resolution Mechanisms:** Procedures for addressing disagreements regarding service levels or performance.\n* **Data Security & Privacy Provisions:** Clauses outlining responsibilities for protecting sensitive customer data.\n\n\n**9. Key Recommendations:**\n\n* **Request a complete copy of the Service Level Agreement (SLA):** This document will contain all the necessary details about operational commitments, performance metrics, and support obligations.\n* **Negotiate clear and measurable service level targets:** Ensure that the agreed-upon targets are realistic and achievable.\n* **Define specific response and resolution times for different support tiers:** Establish clear escalation procedures to address critical issues promptly.\n* **Include provisions for regular performance monitoring and reporting:** This will allow both parties to track progress and identify areas for improvement.\n* **Incorporate robust data security and privacy clauses:** Protect sensitive customer information and comply with relevant regulations.\n\n\n\nRemember, this analysis is based on limited information. A thorough review of the complete SLA is crucial for a comprehensive understanding of the operational terms and associated risks.",
      "extracted_clauses": [
        "Based on the provided clauses, a comprehensive analysis of SLAs and operational terms is **impossible**.  The excerpts lack crucial information about service level commitments, uptime guarantees, performance metrics, and support obligations.",
        "**1. Missing SLA Commitments:**",
        "* There are **no explicit mentions** of service levels, targets, or penalties related to performance.",
        "**2. Uptime & Availability Unclear:**",
        "* No guarantees regarding system uptime or availability are stated.",
        "* The clauses don't define how uptime will be measured or calculated.",
        "**3. Response & Resolution Times Absent:**",
        "* There is **no information** about support tiers, escalation procedures, or response/resolution time requirements.",
        "**4. Maintenance Windows Undefined:**",
        "* Clauses do not specify any scheduled downtime periods or notification procedures for maintenance activities.",
        "**5. Performance Metrics Unidentified:**",
        "* No KPIs or performance metrics are mentioned for evaluating service quality.",
        "* There's no indication of how performance will be monitored and reported.",
        "**6. Support Obligations Lacking:**",
        "* The clauses don't specify the available support channels, operating hours, or personnel responsible for addressing issues.",
        "* **Service Level Reporting Requirements:**  Clear guidelines on frequency and format of performance reports.",
        "* **Dispute Resolution Mechanisms:** Procedures for addressing disagreements regarding service levels or performance.",
        "* **Request a complete copy of the Service Level Agreement (SLA):** This document will contain all the necessary details about operational commitments, performance metrics, and support obligations.",
        "* **Negotiate clear and measurable service level targets:** Ensure that the agreed-upon targets are realistic and achievable.",
        "* **Define specific response and resolution times for different support tiers:** Establish clear escalation procedures to address critical issues promptly.",
        "* **Include provisions for regular performance monitoring and reporting:** This will allow both parties to track progress and identify areas for improvement.",
        "Remember, this analysis is based on limited information. A thorough review of the complete SLA is crucial for a comprehensive understanding of the operational terms and associated risks."
      ],
      "risk_level": "medium",
      "confidence": 0.85
    }
  },
  "validation": {
    "validation_passed": true,
    "validation_checks": [
      "Clauses extracted: 22",
      "Risk level assessed: medium",
      "Confidence score: 0.85",
      "Analysis length: 3085 characters",
      "Operations terms found: sla, uptime, availability, response, maintenance, performance, support, downtime"
    ],
    "extracted_clauses_count": 22,
    "risk_level": "medium",
    "confidence": 0.85,
    "completeness_score": 0.0
  },
  "risk_summary": {
    "timestamp": "2026-01-15T23:45:17.668173",
    "total_clauses": 22,
    "risk_level": "medium",
    "confidence": 0.85,
    "validation_passed": true,
    "operational_risks": [
      "Standard operational commitments",
      "Some maintenance windows needed"
    ],
    "recommendations": [
      "Monitor SLA compliance closely",
      "Document maintenance procedures",
      "Set up performance dashboards"
    ],
    "key_findings": [
      "Based on the provided clauses, a comprehensive analysis of SLAs and operational terms is **impossible**.  The excerpts lack crucial information about service level commitments, uptime guarantees, performance metrics, and support obligations.",
      "**1. Missing SLA Commitments:**",
      "* There are **no explicit mentions** of service levels, targets, or penalties related to performance.",
      "**2. Uptime & Availability Unclear:**",
      "* No guarantees regarding system uptime or availability are stated."
    ]
  }
}